enc_msg,time
b'gAAAAABeWxuaqq1EdbYcb6NafDPn39R7TZg-FoKeVJp9hMYh37msQB8HNuHhiHGW3jXFe-inkN9FI8pXm8OQW9G8g8quKYK5qovLp3FPvO1KEGk486J6jvo='|2020-03-01  02:19:06.931575
b'gAAAAABeWxu03JhP8fxcY6UCG6eoxMnxbFA2wyQ4KS_WohIDsc_oXawXJ7CLFfVLhIo0tq3F4RToifswCwkMthPXFSIwdsZarQ=='|2020-03-01  02:19:32.260874
b'gAAAAABeWxu9OqBo9atWwUVqyUjL_6aeBSS2v-9KiqdR5BZGpAtANlJP3-Wpc0Pp-3vwCQ7y_2pA38uLBQfxEhx9XYux3sLmlQ=='|2020-03-01  02:19:41.732024
b'gAAAAABeWxvWtVGqvH1x6I1Pfls13qt1UgFhLKtwSxTGhiD-R3th5NGSmrNPGHtZcJ2ZZ1rC1pFSCRCW12XnljczZkXj4anZCg=='|2020-03-01  02:20:06.430743
b'gAAAAABeWym1xS1ni5fjLJYt5gWMmAqTPfG3v20v2LeDA__p4Dpc6Gu9sgZmRLOOMHf6sIPUIb8qgnJSozVNzpAZE48NfEWr3A=='|2020-03-01  03:19:17.294738
b'gAAAAABeWynHSBmG9q5pi-CXxeBGBjGI-fIMlSvagrNXKHKDhKUtgdkU61WagNPuBGaJ9feY88O24ESrZuPXHDaM5gNCpIx77A=='|2020-03-01  03:19:35.238816
b'gAAAAABeWynVaYKscwFsLlRU1ZZuhBmzwjqlv4Ynz8mr_lOtSUXdpzn84ZFdPysVjQo_uvVoRJ4F7Ql7KRFzvFjlAdyl0NYKRA=='|2020-03-01  03:19:49.589066
b'gAAAAABeWynfNaZQ9XXiVVaJ_d-bDTmTAJR3QoY_Z4jiqqaE-Dn3oYjQscuENLSijV5WO_UBm3WI97gfSp0z11kU3bzmP7nlmQ=='|2020-03-01  03:19:59.917342
b'gAAAAABeWynpH3Gt2n4O2AFKbdb9358qCZHMjc9AAo1HhE_Zaondwp9yhBjLrWci6sTaSKAJQVxMTZsNzlUgIsObpvegPCgBxQ=='|2020-03-01  03:20:09.901007
b'gAAAAABeWynrwKF_nRE0S8h4giPYYzVsVfxyml1QgGq6DvvmaiEbLwB4PSspfxqMfVSoWADU8AcwI4K8fJHyBYLYm7Hugyztdw=='|2020-03-01  03:20:11.072873
b'gAAAAABeWynrT9ywERz_-Fb0M3VXXxEpKwNncWdkP6d0GXjW9VQxBQmuiOgUEvZxoKASqWIVdcSrZHTbjNQAigzKf9RJvPBPgA=='|2020-03-01  03:20:11.697780
b'gAAAAABeWynsahtXMpadrSWQGlrZQZpcJiTCM9cXBTgH0Gt0PaClSLg2WGjo-quiBWlFuN5x82bHpiNmhqJcOs0ilq5kqz-b7w=='|2020-03-01  03:20:12.135301
b'gAAAAABeWynseexfxvxY3RI2vr4leIZuQNVFlsTHps58C0WnENR4qvWX-pLc_w3bSbZFZwl9VVH7dWgWCxdE0mNrqKi9VgLvsw=='|2020-03-01  03:20:12.400908
b'gAAAAABeWynszubXSDXb3vDIbI2Q6E5zSxDRU4KU1ZAGY9I_MC3orTLbFC9kEhrLPLC7EqFXpZSiJaFjNuh2jLvw-SmVeovHjA=='|2020-03-01  03:20:12.666515
b'gAAAAABeWyns5uC4TFREouje0dwiDi-WGE2zqhTjYjZlbB6LXZeKdzw3O_vaqnpbazqmYNYkpmUYJVWQaAzNPqEOsvn1tTMEbg=='|2020-03-01  03:20:12.916498
b'gAAAAABeWyntpzDwXM90g43tWR9lGfWsd2MIFxXmp-ie_jbv6sKVGeEgBRXwVA66-o0bzf4w8H31_Z95LxRX6rxuMaHUyYyfBA=='|2020-03-01  03:20:13.135234
b'gAAAAABeWyntghLqHFrPMPPB6l-_NUBwb2lu6NAa-Up7dEX3nXOdJl21dwsjYd_Hl9k9kAF5mh-9XBPuE1dQwKpgdygvmq8P-g=='|2020-03-01  03:20:13.338274
b'gAAAAABeWyntziDzF172JhvHqrMuzGTP0xAnaueKIdnc50oyrmrjkva6o9jpifM9TJJJBv0QcKHAirHWgDo6ZD-Z2xBYk-AXzg=='|2020-03-01  03:20:13.494584
b'gAAAAABeW2nn9ZTPWqsgjbeSTxCCyPbq4BuSvZxNOkdFdViyCtsKF2RmOS00XRzp7CF_kYtRadZT0RyOfvQEwi1MS5IGy00HP2BMpLedemMX9AaZVCyAhXk='|2020-03-01  07:53:11.108870
b'gAAAAABeW2n7pI6Xm1fvEYf7UY48prMjaaVF7YRltnSVZdAbMxm067G8WQbQmwKPwrl5D_MpnJuLmWTl1ojzVgwiVxLTKhOk4jbd12vUmz-W8JTi0uBCdiQ='|2020-03-01  07:53:31.326350
b'gAAAAABeW2qqjsYMdIWp9DMASFnA0CNjvfPuFj5lkZLT6S7u0jGma9z69e6nK_HnuufR7ka21i3iUOYYQk1eZnRiKt4Bgla1c_owOgf494pi7Ghz_wvFY5w='|2020-03-01  07:56:26.213849
b'gAAAAABeW2qx7tBkp_7JTjyjKHvwaeOpDQdTf2SUs2sUu0BrIPo6Hbd0parlnMt0UV6nyxGrIu9mqCH_HOM_XrXDtrIzz-xJqrw4P9-QbEs83K0TcB0KnQA='|2020-03-01  07:56:33.619716
b'gAAAAABeW2r70j_Q8VMa9tbMntwqKeTs--yTBKzHZIsTcQ24COobsnFUfi7wSQr9fgfA5SnOqpNyLbgxJVhIW1jTSoSvD-wjq6dVIXe8V-SyxJzZCmYN0_8='|2020-03-01  07:57:47.935087
b'gAAAAABeW2sBA7wJB6K-kdotFkw1GBuyGRgP6cvSHAlTvIoBg5Yo9Bwe8Lg8uQqexZwJuIeXRVkULhiqr-6wSZmLTJI_5x1pZsbKIWSnGizgtObxs1VNKKM='|2020-03-01  07:57:53.684797
b'gAAAAABeW2suhAVEAz537I79S1a-GYUwwDZZdrLHUYf4RAqqNDkLFiJWy8yYqt2i0wHnSDSmjVb3_1PHTYr-7X8cFxJCG3EOhEvPNHgTwbO21l2Ud8B92oM='|2020-03-01  07:58:38.081565
b'gAAAAABeW2szUImwIyplpuUgdl5FOCzLizkEx8lVGlzgTB36f4CY9c7qYo-VwvslM2SCxtCtOKwJKEXdxScDdf9k_YgjOz8d7k2GSRGwwRu39aaIa0L_IqQ='|2020-03-01  07:58:43.175098
b'gAAAAABeW2s1Ygeaaa0NCLPHhHEPx5zB6soSK-GzjyIV5Ah0lTTC8GMMjq5t0UqHUUS77wNNQ3Wv3DR9HWB90KsYlkS4mHDhSA=='|2020-03-01  07:58:45.643671
b'gAAAAABeW2s4ivd1ttRqTU26SQrKN37ipcNN0c1vbFXVfrMrdZkLTe57QVpE3rl5lGALbR7ObfzIEvUwX6VDcQbMKOM_7IiewA=='|2020-03-01  07:58:48.299621
b'gAAAAABeW2s8SZsQHJY4wO4Bn9Fe-MidSDJHN2KLChxUw2tJkCwScDzq-rkguS2nt9iFFdcbqg_ydnqsAtFhTitvCae-B7Lz7A=='|2020-03-01  07:58:52.986822
b'gAAAAABeW2zDmnPJIbRhYHoNaanrWk-r4g5g6HsBJAmq196STDiJyfezVeSOng4zabIm9oxgGWDsD6BN1kjWRd3OhzUavcjs7qz7LxKOXi1upo9jRifI2M8='|2020-03-01  08:05:23.800422
b'gAAAAABeW2zMyYv4POmogI9hEeoIkxX8VefXZPOwTMQRKiUldyWSxuqwjGsVH_3e1XP8cd8qk3ENRm7ZptrGq5Q_UuNbc2VFxUrwzAsBC-MAKmk2h4SSkL4='|2020-03-01  08:05:32.612302
b'gAAAAABeW20FrwUPJOJAvUmJL1Nal8tx0uuoJ5KG0SIrKWEU7mXBx2tvSe8iAbH9FBPM1Gm9WWnPoZ3Mm_Rf4AZg-3ezRA6ztXS82q5Ht7TSgzHPzZKiXH8='|2020-03-01  08:06:29.554381
b'gAAAAABeW20KnHsHDgvEw948h3unYeSQfKdB19fDq4y62WzCrZfjqIgb6Ui5rgpSOeza_1ZrPzyoZPs8_weK686hGwR6Cjvol4QKi9AqlO7CIL7eIWWNsqs='|2020-03-01  08:06:34.522913
b'gAAAAABeW20NL6xE41s07qQs6Nx1udO-LnTqJ1-KVg04toFtVfgOq-9W1d8Gh_KZb2VpVUsjukUDYP1p6PTS5biovEolQ4lpag=='|2020-03-01  08:06:37.007116
b'gAAAAABeW20TvDHdZV3-Jko2QCerHf9-UIP8JFwVMLbUTFxC4qH9qgT54ihF-xw0m6KLYdxPnbcl6lTFj0lhm3_vGd9YU4VqjA=='|2020-03-01  08:06:43.412936
b'gAAAAABeW20ZFgr32hFDN4WovIxz7fNktHF9pVqXSl5cCdzPhjtLnTK0Xdyyn83bzvWzDnrJ3zIb778eqwucDYPsjJn4g-SPlw=='|2020-03-01  08:06:49.832895
b'gAAAAABeW20cheGitjOVfRqGWh92nq46_OFKL9bgScbd3xK9Ep82PYjpoUWVsoKRxO8Qw-symVwSp3y7HGAEu3f8BJ8ILfjX7g=='|2020-03-01  08:06:52.785770
b'gAAAAABeW200uD4y6Ht59IOOUCtLFwvTGkePE6ymZM1hn5bTfEfWTmdxySU2oBS4LqfLrZzn6K9CyM8TNWk7Rk0WexVXslPIcQ=='|2020-03-01  08:07:16.703115
b'gAAAAABeW23UAUqOV8TAidWc3suB9mVfrxwUGtpm9i3S0CUw_847lf7CmtfEGg_rYmsH8fhiufOge7kcJeDiw7-9L0Rq9ybLuw=='|2020-03-01  08:09:56.640371
b'gAAAAABeW23ga5Afitzc0WbOKDocpAyf8kNWPQZ6CS8ck8XmZFT0FXwWNIg_oDNAQsh1-wTil97OASomv6Ew5z0zIL84zu_R194wWjSAzUL78RD6tHeQ8-o='|2020-03-01  08:10:08.358323
b'gAAAAABeW23wSzyKu-wZfYQrc1W3fs4qCMMBjuCExvqhNSP3WegY0WiTJPD-4KgiDHLoHoVbBQdap6Il-TQyHbo6ZeZJvH75VMojakfkZSIEw85JYIct7qM='|2020-03-01  08:10:24.357372
b'gAAAAABeW25ItBwDOJ28nEHSAT9yYh2v3yMvG7ALeQuwIg4pIcSM2ByqxNBHaqk1b0dCjdN9eliZdYlU_h-CuG42iNm_kdNOD4pYb8slyFlZTCoHRsA5jL8='|2020-03-01  08:11:52.698094
b'gAAAAABeW25PusnUJirqbY8gX-WU6FIJRQsAuQumvS3YdLU0ZKMeh0WG3kjn35ZjAgp8D8UL99PTX_0ehKM5cLQnbZP_g1T2bdUs6xpVrTryZ1abC5_AmCk='|2020-03-01  08:11:59.990223
b'gAAAAABeW25RfDxIVDZiGXxVCPVJ-VBOjVefnssFoCKwUpGjNRTB56l5YFGfGhc5DsGlRmCZQdomuVA1AlWJpcN1w3saxfaaMw=='|2020-03-01  08:12:01.318255
b'gAAAAABeW25YL5oJQA0-KV3_OqTNCC3tW7LSjiNikv5QSAKemhjJ3rwSN5ApaStyOEEbdEP6DiYVZBvO7ysl6rMpS_4rZ-vqIA=='|2020-03-01  08:12:08.661382
b'gAAAAABeW257KhZlLpCYxr85UnVbwzPToBEPdDE1wPkvlA92NpGB5tsO_xL9itWcW1OciGjv3pWjjaaskRq2XHgxZbMq9dXRGQ=='|2020-03-01  08:12:43.344918
b'gAAAAABeW25_p-IhF3w9_j0SiTZaeP_EGjxyQDbQxkCd05fMXAzVoSUSGL49u0fqXhJkN1NTc7CSN9Lt0eRccYTen4h8uNc61g=='|2020-03-01  08:12:47.782119
b'gAAAAABeW26AE-3QLognJQCY5NaZ9fdEdWpW9tTUtBOxuTxNLTLKTtLjwMnGkPWMFYqBCiEUaSP6l1Pmx1DMCz3dXVfWXM7-xA=='|2020-03-01  08:12:48.969538
b'gAAAAABeW277qEaUEuCTr4cVWgpWIEUmMk4VNasd7jZbp3DzgIjRdZnn1gn7BbeKz2vlRUhmMdNbVf6r3djGhGFhFy2tIo8fEg=='|2020-03-01  08:14:51.369693
b'gAAAAABeW2792fLnGPCL7aHxdsQy-64HZ-L0SxEmA70RuPgEibzHwBZNqiopdfgtJCybllbRkU7kh9VjfnzeT-K3zmEmakgWVg=='|2020-03-01  08:14:53.947643
b'gAAAAABeW28BR6OPlKUZMuxXygaCahUAYxTvB8z--4r1Dn8bHmPK5dNsKhf4-ES8ZihOZRRZIOCuMbYHdC6vXOCZyvLbr-fzZw=='|2020-03-01  08:14:57.994118
b'gAAAAABeW28FLPVVmWWmNzm50YQHxwTCbaCZYs5sQiOrJAQxYHb5G8yg6-7359uav96DkMqeglZt7Mh4sdJMbVg7xBOGq8RBZg=='|2020-03-01  08:15:01.322143
b'gAAAAABeW28NL_HETbQ77veS6jJaB7SlEjwGhCyhqIx-bfT3cVdYk-JL67BZcIitmFBLwDBPaD1Hxvdr1_wm0H4djO6aLJLucQ=='|2020-03-01  08:15:09.915304
b'gAAAAABeW28SmQHoJCs-plh7RBE9Sxn6AEmgZZtsC_8JFvYxaDjAAxYH3C4GDIiO4PU0FK6x8TxLImknvWPQAEYhpczKvlUu0Q=='|2020-03-01  08:15:14.836843
b'gAAAAABeW28WHqDMqzMtzFvyuroQPwCHi6W2Wxm0avRo_d4NJi66RcZuN9tVX_RBNV0U3DzYKsYcVHs8xzFUz5nF6_6KTFAPDQ=='|2020-03-01  08:15:18.477225
b'gAAAAABeW286zJiouTVkVtH-Yo614aiwO-exc1SLvNbSazIr71UNfG1iiTC7sfj-QZTdIkey_iY9jjaUgzz1P6dn_rTjGlhzXA=='|2020-03-01  08:15:54.306704
b'gAAAAABeW287Ive4On0FotIArIepV_tvCJPiGbTbXHvJQoZ1ut-fM-sLmsah_mQLQealsojt45gdUG9eyBGsKV2nmuzUbmrCLA=='|2020-03-01  08:15:55.039223
b'gAAAAABeW2_N5m4tH4eRC1i_Alveaq3oNazIr9IDvPBS_RlhZRnvadqWYzlCKcK5DXYhB0EJ3Xw7GITRbZebaUxTBniOKJzptty1l0_TW9IUHAu1bqMm79A='|2020-03-01  08:18:21.483741
b'gAAAAABeW2_TZkl_AfmYnCQ3vKjRpxL_bcN3HiPMZEkdvfk6t7RxqVmhDtbc4Wj5JxTsMza4k2mwp0V8WftIbPTl769GfLIOOWyMOaQWrNl78LS1I669Evs='|2020-03-01  08:18:27.499031
b'gAAAAABeW2_V9cgKsmEi7-jPa_52S2eLNEIxdcxlV6oTIblB6l1CsMbMyW1Iy-kbEe-dpM2Amq5dcvezTPqPwDss-A7XzWi_Yw=='|2020-03-01  08:18:29.202035
b'gAAAAABeW2_mnqLPZQPAYj5QSN-wSDcA-MPVW_0gj7z-rowQ4A_Yg_li3--ORLC-UJsTyYGSL1ST4KXSnp2M2FyDOMIKHIrK-w=='|2020-03-01  08:18:46.700882
b'gAAAAABeW2_q6XU-lt9CSJ4tQdyG09HZLBbP-VGSHuD2rAh5ZXQ7lgGIiYYTeHmt4VI3Z12b84nIuCExeCcu2VJTIWBYd-zV5w=='|2020-03-01  08:18:50.028775
b'gAAAAABeW3VPHHhPTfrzer-8BpXmecc2ojmFvlKbnzD5GdkwHWsQ69n4xD5yeGYKMPRDdr2Pgnz9srqh-8Kj9_tHSX2sVYCPwHc-gWxH23zOsQVmHhaw7Xg='|2020-03-01  08:41:51.491684
b'gAAAAABeW3V9eiT30qfIgJir8cvQ6KXnsBUXbs-hzAUg3IkMLhWJG447dZDO1V9olFcyjpPmSBxnhy_-OZcMOf14qdW-pfTx4Pbi9NpZMRMKZN9PSlMGHnY='|2020-03-01  08:42:37.562047
b'gAAAAABeW3WCQ80qMIiBPl87RyUHu49Pah80PIb90Ejsxe0HMJNKwQC3RVX_cBFgVvcoLCQEjdHI5Tf66Yk-wALmBU5m6HZW0Q=='|2020-03-01  08:42:42.547260
b'gAAAAABeW3WM1KN5cQ6F5rCf-uge90qntlw_Gn0Mq7r0R-HMDU5oh-5sVZFu3YjTssyXEey0xr5Yp71VRHqrB65mCP9_koTfdg=='|2020-03-01  08:42:52.110408
b'gAAAAABeW3WPcH9VJqXk6hXqlDwGozf_B7YCC5ZiTGV8laT0IFuPWIEJlOUoDpGOzroUzby6e7VSlchTEPUUrrmKUWNRvgjAWA=='|2020-03-01  08:42:55.656990
b'gAAAAABeW3WRy_hfYmI8a6xq2lFrkNy87fgF42ONBiKD-NfFN0_uP55g_RvL5RjxaixMrTKZnkJLMzGIiTp05BedocuZlfSeLQ=='|2020-03-01  08:42:57.250624
b'gAAAAABeW3WRtN8wA3hmDsu63XXAbnWq1Jq8Tu7fl8oXDqLS6khEVyoFpB1zGJjBKpiNV_-C0JhL1gjnxblUWeZuIk4Qq9fhjw=='|2020-03-01  08:42:57.860069
b'gAAAAABeW3WSRz1xisNOzHYZoxK2n-MQrkhWymnOkoADg5CKTRydMD2EsPkJQBho3tzW3alZLWSZmgApiezFKEssNHPQxepLWA=='|2020-03-01  08:42:58.266294
b'gAAAAABeW3WSWuimski-iMT4Ej7IJVAm7zYHyxYAtTEMnIzPaxx2URKeaj1MObUVfu5Gbb0IyTYwUgCAkQB5X_O-atR8Ci2Dvg=='|2020-03-01  08:42:58.547525
b'gAAAAABeW3WSUWu2Jl8FhFh2o75uAr4VfpCaYaQPuLhWoCfu_iAjizETwcPiW5GX3w0wlj34iyT3HlR0I0rS9_m02S-M0cm7zQ=='|2020-03-01  08:42:58.813006
b'gAAAAABeW3WlkWB-RNWcSz_YcMJ3W5N37vN8t57fvmarXGJ0nzBd_TFx0Of1YMB_BQMMJN8ttctLbdPRghR0170vWl6dHvl1Nw=='|2020-03-01  08:43:17.499237
b'gAAAAABeW3WmVM_h4L2OhGQhiPaNc7IKonLj0SXjlk7JHEY2dRUHRKccF9v846YpwFfvA4X5GxddxJJqDBNNKEd9a9P8KO3W2g=='|2020-03-01  08:43:18.483628
b'gAAAAABeW3Wnx_t4bTlnS86JFGluR9qHpFnp7-dW5hwo7f63Ux_nCmJvft6onWnrzrop0_6TS9bB59bA9M3lTVYbMk1cwZT22Q=='|2020-03-01  08:43:19.983567
b'gAAAAABeW3abuU6BoWouS2HUCV4NK1TMN1wl4mMqZvMhM-zHf1LxRx6eNzZ2m_Ld3ITu1GmDoDE_pVlBxzjif3xcKNgTT54pHkoSj_YVZACmmf9zfZlzI14='|2020-03-01  08:47:23.639346
b'gAAAAABeW3atJDe1kAJ6v1ZbtBdIEGpbTyDSNTE5_18ClwJsLy_e6ghQt6ef8suutQwXQ5HwSoO33ITE_UkR5w9QOAru5DrQUw=='|2020-03-01  08:47:41.236128
b'gAAAAABeW3ayzqYyjOamezJbnDBoeCe7cfUziveGmZJ_84Fr6qu89MF9G8EK0fyEZYNtuIxriYygjn_AXhCasbNGdadsq7by-w=='|2020-03-01  08:47:46.776280
b'gAAAAABeW3a5P-mC_x_iJIrAnmfgS82p-mm17GZ1GoUNitvWUaeWHvEmAD3Tos2CbX-fK8PmW2SuDPcolvr8UiNM31wzcV3nBw=='|2020-03-01  08:47:53.510323
b'gAAAAABeW3a_2gBFx1UhtcFhHIPjvj7LeJzkuHf3GR-yB3JnGcf_rbYzIYVmKOrXfDgMP_2Mo82J4Fczz3QjXfHj82Ez7cVaag=='|2020-03-01  08:47:59.416046
b'gAAAAABeW3b2KbgR4U9uYWG5vH9PrB3RpBgYq1YgzNrNk52YIBjQm0RguU21XMH1I9SNBjoaK6Ld46QrFvJ3360vvbVoOCtJIFXM0uVnYBJS5IwDd4pVuPo='|2020-03-01  08:48:54.209198
b'gAAAAABeW3cEvHJXaX4iB8plOaa1bbpjojdRZhYCDbDA2tOWptanILdbliyT_hbIDuhZqWB-56lWdeJN6o-vsXguB-iuvyaLuA=='|2020-03-01  08:49:08.833322
b'gAAAAABeW3cPM690eZ95H_HZfu8Lz_bDHPHrecvwaXDoJDK5aTEm-31GU6e4z31v3gUoCFBnyvYud0XcpSig3zxlvNRbYSq6rw=='|2020-03-01  08:49:19.122609
b'gAAAAABeW3cW-omLeuVYnyOqAHsqYeO2Q0mKeqLPaeHaOF4eWk-YkYX-RRznnT1seIsX-pQmf2W3Z8NM3LiE5ObBwxJWc-l61g=='|2020-03-01  08:49:26.218869
b'gAAAAABeW3dkBXoPBNGjCqlLJiLZEgeIVslCyjGgIpniKp3XHcnWMOovJ6PjO_iAlXfVmmcH4cdFyPP73nEKSn4r9O9l_HFvlzVL20NLi7q1NEPyo3Rzb2A='|2020-03-01  08:50:44.155264
b'gAAAAABeW3dp9Hcbei0I1wiwQBNgRlBxSSDsWS7qMeLKe71ThRUR8G0CnJjVtCnqR1t1bYjOFhx858voW8ctaWavt0oHRrR9cA=='|2020-03-01  08:50:49.280041
b'gAAAAABeW3dsUJ5JVkltjP3Wz7igJLHTc0vYzqu30qq1LIspsgC7huU1vSx1MV58Wxmt7PvsMXwa0iKux6POEiKJZiWRD6aTHA=='|2020-03-01  08:50:52.148724
b'gAAAAABeW3dvYhw-ZVyWiODSJEMJngjLczTu4BDME0796gCPosUZZYuzQpUPZJidaCcDzoqh4_sBWpafnPqixuapnggyOSo_Cw=='|2020-03-01  08:50:55.152520
b'gAAAAABeW3d7UV58OjU_sOGXAF0zAUPl49SOQ13ZJm3UCa1KvgUFEuyeWlik0a7pVw8cThixaGMEW1rnc78b0dFWvPVdPQ_tfA=='|2020-03-01  08:51:07.102438
b'gAAAAABeW3eC47hNJHYhmyS7_DyU7w5T8sBOl9QTGBDWvMZcuCDu8LC9IXKk63GfsMIobZM4SK8HmaSILO-6v9pL3uWgI18-Jg=='|2020-03-01  08:51:14.508061
b'gAAAAABeW3eH-Q9kmoiVhPk05MSLxktdfjwAalNtvEYNPu55lMQYJIBWKptpf6G75NFiVbe7DCRykY70xQ8edP0bkAQuP5nTuw=='|2020-03-01  08:51:19.648423
b'gAAAAABeW3eNF6-HUE83mKiDAaPHY8JEmIRYQHeeqk97Muc1S9_4HBfKJYeVsvlKk7k5G_t7LCT9ZO6BMD_3dfRjHKym_QnvhA=='|2020-03-01  08:51:25.866791
b'gAAAAABeW3oOp6a1oOUAGy8WiMzp2PcVRV53BWo8-K3cfBtkKXlivB12c4S9OlSTUOB1Bao25ukcKDM0xjJgQF-MATepF713QQ=='|2020-03-01  09:02:06.047276
b'gAAAAABeW5fCZs5qGp6pqgLH3wk7GfNnQYLt1oF1nEV2j0jXhDuQ9knmfQ0j_EKyWzPva4yXdmkPP0MzwywpCxNHZulww3e1wg=='|2020-03-01  11:08:50.151798
b'gAAAAABeW5fW542r298xTmBXg8es9q_E-F0MfmktrMcu6JhMyUwGbMtJT6HFPupJ6LnguyhASGJnGEo0zHxlV_QPndt4_n9mkVSkVgh8DtXWfFn7YltdIIw='|2020-03-01  11:09:10.280323
b'gAAAAABeW5ft7kh3i4JD-NeYwE4FxbpNg0KOIL91csWFwuCuEjlcM093KVTlSMCGOEVoTGcPtLzoxdSnZL_5UG9z5olILFdCJmjdIMD1cbmkGCu-VVLEgkc='|2020-03-01  11:09:33.625425
b'gAAAAABeW5hOWI5-woiActX-W8j2KwPfAFGqsOIAurIxtVDHrMjxzF375TMv64BUo3-PC_pkQd8AFix6AArK5FV9KAFKnP1sNg=='|2020-03-01  11:11:10.237555
b'gAAAAABeW5hU1ihG0FfzSKNlMsISlK41QjY-rgLQU-TfHy6gjivLHxdmA0uZpusKhGU4iJ8ryDTaCDv9gD8AZVDc8wKbHZVkkI_797sGGUqBYE05BQv2dAE='|2020-03-01  11:11:16.471941
b'gAAAAABeW5hZMDO_xJCkJksrT8tGfdf331IxnIwDj-LxNGAOFMYSywHN5gdM2MJwAh9eQxxVPARlsc3nvj-ceCXvJEfjablEgLZwPw1t9M8NncIrvKVPiy0='|2020-03-01  11:11:21.078603
b'gAAAAABeW5hk1KCV7uvpFEzIg3P2I3VrsdDm1TemGlDYTnkJPZs5yoAvQdWiuJ2tG44jZzeWs8lrYgf1Q9ezxOAkZNM1XzvQj9V2UAG7emRpG5Z8b7khL10='|2020-03-01  11:11:32.330582
b'gAAAAABeW5iHNOED9nHspRdVB-ueNlEMJ6tKq5pfEPsRDyq96ZV9iver5JHn0J2K4sqbMJio4YAwtjAmORzUI7SQAvEHB7yHIg=='|2020-03-01  11:12:07.520994
b'gAAAAABeW5iP461xYyk1maGcSQsECD-B7Wj5dQDEwnTp9cA9VkjJx9iCf1mMMUYJPTbf5P3auMtYBr-udz0EXrCXsLQwlCYGJ2OjYLNZ-6W_Y64kMzVJ90o='|2020-03-01  11:12:15.066726
b'gAAAAABeW5iUwO4YDq4UDp7cZkcVdSx_C1fpuvtaDKLTXmR8CIVenVqMJJwZeE8v-1z4Ko1zCmVqtfVyv7UwxTPSpXU3dYlJ0IcYmXeE-14tkh9SDlJ9w-0='|2020-03-01  11:12:20.838780
b'gAAAAABeW5iZURhGjAQe35hitUFJK1UWZpSKr7uvNwXeWcUkcDzkwIgYEgYDKU4k2xZ-3w_wyY7sjy02zmVj27zRjloxoKAcSgItCEgvi709h_7rzyYXcTk='|2020-03-01  11:12:25.716830
b'gAAAAABeW5ieVsMGhCeBdJEfGWE-KlplSnw2UNclqF7cf2k8ECEap18Pi1ztNzGpXY1hWEWUu3wz8gAm8EFZb_I0lQNdmeTCAQ=='|2020-03-01  11:12:30.219227
b'gAAAAABeW5kkmA_UjAF20ShfcK7OYpmnNQAlifMCO1huGxxzDb6g89f3xNZbhj8LCpezl6cj1_QcOwqS7HAsyRMikIgbnJ6-nw=='|2020-03-01  11:14:44.898767
b'gAAAAABeW5kl9EJ4LVQ6qhCj23svJDZU_NU1qJVOVmbfA98xRA6o-jzIua_utzsQ3QHlJ5qoNoVojxQNmtE2qjx_W3FPaLFMAw=='|2020-03-01  11:14:45.417281
b'gAAAAABeW5klfoWaf3XYYGBYndywDg1Ge_Y0mc1UNSMFHYxHYbqdjp4nDiTUNlymo3-Fen0yG18u-bFETsJWmsfg5ZpFjyjReg=='|2020-03-01  11:14:45.807786
b'gAAAAABeW5knhclTNxWmZ2CK2U4x3nTf017sKCTsloo4t-a2emDxj5lz6n942yJloFyGmOS59DkNpjK3MggBuYpeCgRB5nugHg=='|2020-03-01  11:14:47.245313
b'gAAAAABeW5o5yH-HSUUyi_qtlQDUAFdq0vyCJq6wuEcbabq01-vJL3g-OKI8gc8-2BIXSO_WrGeNGOniZaCGnlob-c5ZXJafj7AUPkBoqfNsgv5eqBM_vTU='|2020-03-01  11:19:21.318626
b'gAAAAABeW5pPb3fGX3j7yMkqzIkuQZbswZKxZymQJnhk9sG_biZZciUQAzDpYSDwBc1E5YpJUUd9FiiGmp-79AqGcW_eIvM9aQ=='|2020-03-01  11:19:43.357423
b'gAAAAABeW5pq4hX3iJjrp8ZPAjiJHjD81BjOi29rmY6JFjgncnb_Ph2wniXXqXQvgQtPLWN6dshKjgWM4VOUZSKWminLbnDjIL8q9_YepxA149YrUfso0oY='|2020-03-01  11:20:10.995894
b'gAAAAABeW5p1zgN0WlVjRV_sBVnPSjBDeq5eHsWo_9JJBuP_zyg6DVa6Hj2yGrTbyZdvT1uJ7H_9Nw1OfNf8HqWMCV6-zanfK3-j8KlCLegyYxO-7efQRWI='|2020-03-01  11:20:21.716868
b'gAAAAABeW5rIugUiukQhllE3xWVLglhbDS-hmcKny3iRadYmSrg43AtS0j1wmK093gBHvBWJokGKwaAFkZlW9MPfQy10SYJqIlQv9xRkyEJhhRv-T3zCOV0='|2020-03-01  11:21:44.375082
b'gAAAAABeW5rNNdyxnQ-saraosUySgLu5iYPFlpsPNabwJ9fLvTDiM4876PrFA7-Xw3SgMfmAnr3PjWZj2oEHVNQxpsynjsRY7g=='|2020-03-01  11:21:49.223530
b'gAAAAABeW5rSrRxEJAwf3UjVx5tvWFlGGDcHqMi8zSJUGyuzNOgs4uGH3ZQXtEzlq4KQUChVkM9DIONUnxJbg-E1TLPeJpObUr0KorL3leOym383A4Id1J0='|2020-03-01  11:21:54.466558
b'gAAAAABeW5rVdY27aYqg5comLdW4qqoFA1s8mcadMBdKhGK02Bw9PbjSs7TBq4t4mGWw57DZrekV3nhyXizSHIUj3Zy51USKbJzaRJxgf0ki0T_c6TIrzxE='|2020-03-01  11:21:57.782904
b'gAAAAABeW5rfwl-blX2uCOFdb6e53on_zmxlSf0GOkUc5k9kY1GnPIlqUthF_P25Xi56YRQeEIy3XBs82mSDjM81sM0lHsfQjA=='|2020-03-01  11:22:07.519745
b'gAAAAABeW5sHLQnr2mQt-mcilhCPmzoHT0JEc5PJjWehsR66VW-Du6HZJDgIFulNx0tPWVpbdWaH8SWsJsRfWEcRUMKPlZodv3Zh7_6imNMqiFQH30uOulh73KB9w425UXbwo2-qRdnY'|2020-03-01  11:22:47.191976
b'gAAAAABeW5sIguu9F6Yxth3ghxy5EVx8e8lZittaa0-rhsMDnMwM2mXULgEfX96YCSZtKBUt936WarZLWKRZYUfpsvht4dmt7Q=='|2020-03-01  11:22:48.488898
b'gAAAAABeW5sLE8MQHPpllygfFkFkGqUP_egwrJBDssoyG0awbp5MD_wzOJpFy3dEK0Vqm4Ucs2V__CQUubvlWfK7Fcl-lwg8jQ=='|2020-03-01  11:22:51.404197
b'gAAAAABeW5ueP0uaW-NTid8oqxJ5G35ulSbVDpHv8P5msXpZbVtWcL1e_OeZGwZ1EFBOyF9uK6kRs_sXBgRNgNq5KVfOegUp-pTV8niLeH-6WyhO_LIwhws='|2020-03-01  11:25:18.498332
b'gAAAAABeW5uk6bgYz9MQJtPsKTD40zaxVOkyJB0e7JQuG7QmIb0SppI3ftBMjZi3TEASvVV6YXl_l8keaN1Aen6St5KNSHSUEw=='|2020-03-01  11:25:24.966852
b'gAAAAABeW5ux5JgbiQRQ3_TMPTKlxbIYUMvxEL-wgLxTApdr3H0k8thvHL2TCqB7ovDvsGUjMZCiGIoTXGVT8oj7XtLD3LUjnYbGAVHVzs7m25MKGqnBtQgKibnKMDc_U1rH-K1god_v'|2020-03-01  11:25:37.469836
b'gAAAAABeW5u1L_JNwZ0dkX_6w3MmQxTfTwMv5O_uX19R2wZeMlKaj59E-P7-Yr7WMxORhHpAMyWK7oJjLvVw-IPbMqSQbsKYZA=='|2020-03-01  11:25:41.468595
b'gAAAAABeW5u3o7kqq0q6YRkuQSBdjOKYFP5QXoWTiZZ6V8Un46YmC6IaP2NHjSA51HGCA1Y2vDGf8kHlKA2c_6mbuzNRJ9gNbg=='|2020-03-01  11:25:43.142737
b'gAAAAABeW5vBPDzY6fejsjfg_mqjv7CM9EfAEeaR-ZmqrAaMGtTe00jZqYUUo3coTsIQ6gRvXx0KY5znAWUQCEKntNTP5F2Zwg=='|2020-03-01  11:25:53.314391
b'gAAAAABeW5vO1DCpDzwRYfPRnx52__QM6F21X9w4Cm7Sd_e-NNcYrs0PuEYEcNWBQz0VfAcZBhw56hELRMbZyU9_4Tff2b8Cjw=='|2020-03-01  11:26:06.775317
b'gAAAAABeW5vXLAMH8SKzpBrw7FPL7aZvuTyNaqTV_VOc6vvRMnmk3zEdP03cCIsahjua8-8A4MFoCMOzCB-WUHeMtjOK1ma7YQ=='|2020-03-01  11:26:15.346150
b'gAAAAABeW5vbQtUL1TRLwVky4M--KeCWQb1B3jMeklg4RwKwQd76u7-N-64-9XO8jdTDAmD8plauJxT4kFCSdjjaWtqeq9TR1Q=='|2020-03-01  11:26:19.852091
b'gAAAAABeW5vuRKBtYcbyY16edeCHI44hT2xzqMYCBGhTzTQ5HU2qDvKWiRPY0n1M_hkUaJAH_F5s_9m_aMXLRv01IRm2YaVaFnCspd6V_Qy123ZHI2hf6g4='|2020-03-01  11:26:38.359254
b'gAAAAABeW51hxZgez7HWUaHvbrUuITGkLA7kdc_gosURra9oZTC3vYZbRpq8WUbZVHGQEiWZBRhi3x64l4TdWJHtYjwDsf61gOlgFdwBOQ5OOHY2thWqMDk='|2020-03-01  11:32:49.720615
b'gAAAAABeW54TmaMEOYjLaxqn3v-bvhqiMnM51mb6GC56vCZziK7TYugbYjmIEuQhTtqg53qYDzcOEDliFwrQbXY0ytulQ94NlvlXdC-7Gr-1h06hTcP72xo='|2020-03-01  11:35:47.616640
b'gAAAAABeW56UQKKfpb5Ahod6-gk4tf8RDZ8iW2s94sHSE9Qa9a3soZC-4bqaU7wUtgpCtXtGHiSKjtVtnXB5Tiq8rpzYfYyUQKnRuuGTHi5v9X-dkk7VOLo='|2020-03-01  11:37:56.386235
b'gAAAAABeW57YRC_pchgWVO9QadZ6S9xadH-2KOepxSMBAIqRvg2yXoop1InwM22tlkdpYric_Qe-3ncWEQAhhCJ0tpLhw4YDf8WikeTpQYurvgZs6Nga24s='|2020-03-01  11:39:04.729099
b'gAAAAABeW57fxHWj7bJDCtXA8BLgjhqSExuNwOYVyWwC6KYlQ2DvYsyjjBkEwRQ2FqoALGlW8GzoieEH8cig5tvIywAiISudv7-vYJn6xjNG7mzgOTcj_ZQ='|2020-03-01  11:39:11.887964
b'gAAAAABeW5-bC1hzkn294JfcnC7YOMgHPkhNWfZBEdXDmfkRMtU9aJncHyd6dEkQrISaRM--TXloDi7QCupRjKx4oYTwMdL1RA=='|2020-03-01  11:42:19.375569
b'gAAAAABeW5-_nNTl2uH_M6g2OpyPHTBpljWYe2J3NnZMS5haozR5BD8RoHKTsL1DvhzV1ewom7VrhS4guVwNIiE7docVy_AACw=='|2020-03-01  11:42:55.200988
b'gAAAAABeW5_E-ZMyHOFdVb5aWJXKrT9fDBFnY_JJBJGIn3Amr7JaUTUf4UzkW9XAA6mTNXH9iEGaVYAPNRnEHs7RchpIETytvw=='|2020-03-01  11:43:00.126434
b'gAAAAABeW5_PdvOXJ3rgUJSnv9dS1WaA2KjSDxRbyxkmqj5JaCNPJ4i32gudJYBanpBFbpv2b5LRbEy84eG3JDC-CXDgFPzk0w=='|2020-03-01  11:43:11.834698
b'gAAAAABeW5_RJMkaekXMQ5cUyzo_YX5TstVmRNM9ulhZlih4_SfcHzUI7kcO1kgT8mZodj3I7I0qdsI1nixf2C5SLCe-2quBkg=='|2020-03-01  11:43:13.168133
b'gAAAAABeW6BGRzcvBuKmDo8zaHqmvqJSLY8ThGHmKacqMPmAJITcwUu2MnhW5AfZS07Cjs-4OOqQj1rh6xlcjqUSiU18iMVpk-M4PLt-EAexN_M70nV4YjU='|2020-03-01  11:45:10.446079
b'gAAAAABeW6BMnh2S2fSoYsKp8RF4wm0CGOJsE93hDNlB613rxg-COZLPClLrWADqe6hQ9K0wOZR2ZSkkukRl46T4TIrxJg8yQmZw5fKHYNHI9K_BkmI0uhA='|2020-03-01  11:45:16.746350
b'gAAAAABeW6BgZnSXucKqIBmLg214nTZ0iYpyG1Fdwz-WsT6kA0hbVIOA_bEJ2CINF6kc7QXs4k1UNxSaOgYLLqcM-OQ---volg=='|2020-03-01  11:45:36.854853
b'gAAAAABeW6CCuvy-bhf0yEqMO_SmdRTkQCq87jW9fCqdwwZOkRndBhx0F1WSPbg-vMqpNu8SkrWLUGGxcAg8IqDPNvDfnbEjLQ=='|2020-03-01  11:46:10.964132
b'gAAAAABeW6CGLR3SNP23hSTdS5Q09Zku78Os6CRa0gdniXFQWNdC3kmRSeXwufaTN1optmW_zDAkIS-F8UOB_zHf3pPWGqyv3g=='|2020-03-01  11:46:14.697614
b'gAAAAABeW6DvAxXOQTN4kn1BCF22DELItxJ-lv8OsRIQlFb99MkVTpHdgWp8vFTZpvhUmLEtTRNm67J3jsKyKvbngH7CJZWJWw=='|2020-03-01  11:47:59.450014
b'gAAAAABeW6EVqDguJhwmYOqhAPH4TBUEA2FTBNkyxJJdE8hwx0vwMc5CwENEpdotUlREENhjxlO45ike6C9UrX0rHBSJS9svtz0dfE60UaU8VUMYrxl_tWA='|2020-03-01  11:48:37.342111
b'gAAAAABeW6F5N6FN2GPZfqfKKQ2gQ9MM5-xY-mZcLkcSqmRwXHFMAvg3VEN_aLzx7tz315PlNNMYYG_t3bdcsGWtnN-50agGQg=='|2020-03-01  11:50:17.727884
b'gAAAAABeW6F_55IxAG6GmXQoGwx8lGNuGoCT0rRQuWHzVE1ECIfYjKlz4m_xxqq7l9-ryBOhwiymjlp0aw9S0FkDrOznfg5-Rw=='|2020-03-01  11:50:23.852616
b'gAAAAABeW6GCYAO_4UsVWfVf36MurqwyTgpeIsTTnDwIb4pP5bhN4hu0V2BOCUszXw-qdpSq2JNHqQJQUL7Y9dHMnJHsrq9DFg=='|2020-03-01  11:50:26.846325
b'gAAAAABeW6GEFr_nN9FOaXZCgNg6dzgeVbz2H_NKBRKbTlXAT0HSWSFGz2NFsYRwQpqCGdtSqV4tdd7w9UcalT8Sq-42Jc05cw=='|2020-03-01  11:50:28.328158
b'gAAAAABeW6HghUvJ0MqNs7Y9T7BmaQmNzVuA0FofV5RWUhyLjYEyjwnCjC5lgGkDOVBrx29fn1z5Cvmg_0wwy4RnISblO_VUIQ=='|2020-03-01  11:52:00.422098
b'gAAAAABeW6Hj2SLd1IqiOPSI8o4y3hXV3_kaBVusgOQwpvLXcY61eY-9dkQAQGFfJb8Kj9mMONKbhbwvi98NuRKpxOWV8QiQJA=='|2020-03-01  11:52:03.913576
b'gAAAAABeW6HnUpKaz4nWahjm3ffHyqUn7UrVy2D-YY7ExuAdzvC9slYuNQvanUMPONCMIU3fFmAGtmjzqBDnGlyVbQ0Wt4Gzrg=='|2020-03-01  11:52:07.905727
b'gAAAAABeW6H7ODf13FMDgW1WCg4TcqzN8c09NqBepbqrCFDPb7bQMGf_BksI-2CDytByfyHYg9EihAS0PdT38_I0CIbvWqyzRg=='|2020-03-01  11:52:27.556176
b'gAAAAABeW6IWAsPAtLaBqiPkYLeSRjMmxIQwu7NVUI-cluUC9pBvF85O-2tEkT78fTwo3eWWpgx6_eDPj8PRti9jJC7Fj3XTOG3QwO9-K0oqvqawycj8txQ='|2020-03-01  11:52:54.781441
b'gAAAAABeW6IanxsFrC94eSLIFZc69dM3oOXnwI9nYQWumJVK3gDS0FXADyGG0BA9EzghpSQ4hNICIOMhs44w84LJoZ6YxiFM9g=='|2020-03-01  11:52:58.131854
b'gAAAAABeW7TKB_A5eERVp-I6uKclZS4ImRCvAUPRRVnLed9YYOJusA2NvpfDGhOIxIm97yZ-dNX5uxYVBCLmCntueHkPYw9YZA=='|2020-03-01  13:12:42.983493
b'gAAAAABeW7WJyqPjp7iQ-0RT0w9jP9r5efc-pr2Ei2qwSOo6jnuCjvbQW6g58crTa3CDwB9iZ-aJrhAUL92NfscMpWiCLbfX9g=='|2020-03-01  13:15:53.661139
b'gAAAAABeW7XMrCBNpqfo1KFoeIal5mSwGDsunwqvHdkr61ZP6fhOGzpbzQl39HSspZ1pT_CJ219FLgPr4EZVxskqzP4T7HKW2g=='|2020-03-01  13:17:00.020247
b'gAAAAABeW7XOxcdcB8TF-k25qNOx4zbAxLmVGMz2k-T__gJaOk0wII75t5WMyFh__1xUwU-tiOt2TfCaplNTCeGHcI6u4cih7g=='|2020-03-01  13:17:02.410921
b'gAAAAABeW7YBTwtgjUeLrQrINt4DNgnJSLwVfppkZ_CvQMGCsdB6-sda1RLJ5QOb5BhG2FdXsMNLn78n6AiJ9Pr0lMwhPvMRFQ=='|2020-03-01  13:17:53.093551
b'gAAAAABeW7eLi2aJbxxEAbXQIN6tlfSGGiB7RVEYnAhcep6816QXYXU7x28Lrnf8KxMMTenrU8JGYVAZKOW3jt66NWAlh1270w=='|2020-03-01  13:24:27.738099
b'gAAAAABeW7fV7dfmCiBfBl3qetvvV7Eur_WDPz3Vpbrsb3dPoJEuqyhE2kTecZR1AsCbfuB5qFJ1FeZlZMMmUQhjgjrc4iGGQQ=='|2020-03-01  13:25:41.216611
b'gAAAAABeW7fkIy07IBe4yxSVpeFv1rTolhQaOd4UDCQcIjduSx65YSffcyAbNCuGCgiMb1pzTdAPla6n3OHyOMXFYS2-vGGwqw=='|2020-03-01  13:25:56.409574
b'gAAAAABeW7f_C8fDBCWtaxGHre51iz2AO7CJ4nrAGKB8NgxN5_cukqaYiasXTYtxaKpBohFE5sUvDdFdMrL7o35BeQKcla4vJQ=='|2020-03-01  13:26:23.925363
b'gAAAAABeW7gEmY_NtJJy6dh4fUgUFRLJ6-At3xxxzkwLia70R81fq_WNQ8uFA9poqdiBHJpoeoRA2aBsiMr8HP59e6U5-TpsqQ=='|2020-03-01  13:26:28.981034
b'gAAAAABeW7gPpHIOXOopPqWrnHXCyFMNCF3MitaxvCYCgTqmyLfWalfLnnfttlGOTLvgX4665ZjdmNWm1A1yQJ1CV24fkBJscw=='|2020-03-01  13:26:39.097601
b'gAAAAABeW7gbzHLCrPhqOEAGHNiH_iwpvCuXHmi1e0CfGCvOQXSwssiqmd5RnVkj_hgUt8D9IyPlB4WIb5yW34ndgW6uG5F_mQ=='|2020-03-01  13:26:51.182230
b'gAAAAABeW7glORVfTBB_FejO7do4pjIFVBBtKpUxZXLQ5fp5LDiRErxEoFzmepuVT9-N3RudME3KodIx_OUVMLvR6jPytUT8cg=='|2020-03-01  13:27:01.918936
b'gAAAAABeW-EmnHmlsx1FfXuKxnZtjFlJJHFoSK5zbcEpMssWAmA8TrxV6_ScMuxJbG4pm4No0cJYi3i_nSAZUmjVADBVHk2KvNh-IpYXsE9-poQJm2fHdKg='|2020-03-01  16:21:58.521507
b'gAAAAABeW-EqjUSiO465GxdMpoxDeSIqa-aBCbdVu3pHb0Ov_sq1PE9e0N5B0Qd9biEJFcEjs-n7FYj9Wg1KxfoakUowA_q-Ow=='|2020-03-01  16:22:02.927448
b'gAAAAABeW-EvkGEOnkuwYBMbIGFLWeiOiamOuCHAYlBenM5o1A7k1VDVasWWt8F7rITcOYyQz7sdzGanJ8ubsoN-oZ-4gHOn8lcRVbQjyd8YPL7PbZvgwaU='|2020-03-01  16:22:07.000124
b'gAAAAABeW-Ex7vFWLYW8D2T53vjxX3p4GoSaz5BPbPPHA7PNypZxsSmwpXFvRp7J2iq_6fa0sbbx9gDg3cbGuXjf1oHWdnuCxQ=='|2020-03-01  16:22:09.784353
b'gAAAAABeW-E33n5FfP-y9n2QzZTTB_5yIvzCGBwtqcLcmpAPnUff88DikAkeIdZXXbVhC7rbOCl904e88dg8n2lpzelxKiOa5Sbw9TD9n-ixCfRJfdCU98A='|2020-03-01  16:22:15.157310
b'gAAAAABeW-E63WXKVreD6kUBcuek25uSEjiWDgoglItLYRqSDuYxr9xHiGix3TNrEF8R37Ef8qt29k41FZcuC3NHuY1UsZFp1rNK1j73Fi60NHV-aUO7Mb4='|2020-03-01  16:22:18.319238
b'gAAAAABeW-FIUzR8vrRFyeuLE8F-Y1gbwbil3Nygx_BlQk9iH1U12yNp9mrAD6vuASnbF_voil7rHKvXeO1XiKg3fsjL5larAg=='|2020-03-01  16:22:32.506505
b'gAAAAABeW-FVQJKuFvcenyF4VoEJ30BA3nAmfUGmo_-nDRzcjpbcR317WMT8aIvx3yOg-TPsLvHjtVupq_v86UVeQ_VReVWKvw=='|2020-03-01  16:22:45.630667
b'gAAAAABeW-Fai2Nfbhqc2MywV4pKuh_E0Gomt49-69lUfNtkJr7cWfKvD1M9n2RdxTIbRB6LKRWQCa7vrYId7EiZ2RhQz3Pbww=='|2020-03-01  16:22:50.130254
b'gAAAAABeW-Fv8XMcWW9kkq9RxDR6Djh3Xhx91zuRFXZoF_YQskqIwD5cM9o_iljvxFNkbIwMvpHZUhbXjFfJ7jT0n8DgnB5Kl9g9A7UPAAkFlg6wxtdr-hg='|2020-03-01  16:23:11.192614
b'gAAAAABeW-F0j09nu3EqdTn8K1cs1VSuMngX6WWRmJFKr8Bo8YDtAPde4_Ue8KtZbgqGDhpLJzvFpatVy_DarQ1lYWDL1o6jVw=='|2020-03-01  16:23:16.645279
b'gAAAAABeW-GDnqtEvbaDHLcAtJitXd1DqCiqU0aPPXclH0F6xitAYU7I2pFLakC5KQoy4VNtRVWd676BtKdYwh2tewE12_Rfug=='|2020-03-01  16:23:31.479724
b'gAAAAABeW-GFANPDPwtpGfAw9mCtCv7b54WLBzbx66QOHYU35ccYmxdvzFBjQMxLJSekCmVG8elFDh8JnZYlc7oucY5gq4rXkg=='|2020-03-01  16:23:33.698388
b'gAAAAABeW-GqHWx_jODsY6T0ZqkepeIHdgL5NEaomeeo0PL4YeX615SJuhjDsukI7wDeO41wC8LxhXMVMO29Aji-CmkycsbAUA=='|2020-03-01  16:24:10.708424
b'gAAAAABeW-HixUq8a5TjeQcg7mCjIHNrqqQ63a4FeIU-lbjeCawjgCZoOXO89Wq7jE3GeIwQDs0k4A_9tpDl3J5wEAJiuBXGf0BdKSMcvsEcYRj_56NmOJM='|2020-03-01  16:25:06.039417
b'gAAAAABeW-Hs1wQkikVaVS7pdN7MehvrK3D1-9kkZUpRvJRAvPQQFVNizzeD_wukGFMLyZP9dvg3Gm73aCDBHHInbZaEGGjw-im2eOEoOxzWf5RHdfLHJCU='|2020-03-01  16:25:16.069966
b'gAAAAABeW-H7rmAYhNUAzupiTfil4BL4t3G8fUweO-4FfXf-4NRRSVwXbPG0yg_H9sbiE9MCET9yhig-oOuLZgbaLskQMUbtfQ=='|2020-03-01  16:25:31.470160
b'gAAAAABeW-ICoNAbIg3jNBr3Kgo7hWaDwltn_NV2a-eQIIaUUIWipMYlrVzdVNoGS6HHwHMWEje8sSExbPVDRr4HTIeAFAWwCg=='|2020-03-01  16:25:38.895600
b'gAAAAABeW-I49iK-rWHKBNVliYSDiW1dD6tWgy0CvvHcICwLWLula8PkH5QbdUOOjAnlQYP0fT0HnFKX24qtcCaqa92csORIVOWH4ZQHr4yoi2xyYPhFSHU='|2020-03-01  16:26:32.597843
b'gAAAAABeW-I9l3gKpxkSt7rBfi7H2E1tKojGdQSRol0KpW3vii7uNfZfslZBBAUN5le32S9--GcnNifhSSnjV8-lTTBgbnEXial3CvyjACD3mrMxNSOV4P4='|2020-03-01  16:26:37.253783
b'gAAAAABeW-I_g5JEhGDYj6B3nnPRyhdbrUi_BdoNOmYFktQdX-RKVrL13rJbXGwOs3v6z6vmH7uDBgFT4aAgXnajI8Eoe81NRQ=='|2020-03-01  16:26:39.941216
b'gAAAAABeW-JE33GOJi9N9vYGiXjgGrxbqlzGW4_T10WN4i1IQ5rWXONZKq2ldirYwEkQzTd4Wq3RP9zK1gEZg_fxUEPuAtDqpg=='|2020-03-01  16:26:44.209723
b'gAAAAABeW-JGJw6kBDGNwsng6YrmiVYJTBFpeoeu1ijULebhxAkAX71L4hk23wAYdKXfgLWEaPd0bo2X1vxNn7SWo90upfF53w=='|2020-03-01  16:26:46.850169
b'gAAAAABeW-JaMuPszay_52Nu6WWSrgg63qs0DYYN3qkEe5624bAwOKNu46PPlez6hiOBtgXteHiUUBV5W0PbmUXtUDGsSY574g=='|2020-03-01  16:27:06.317923
b'gAAAAABeW-JtCVcw_xSOfQEMCmkUpksI9xvrUAqF5BHgR3EzDPdVCjcNL8cn1xB1Ife9MI0bqngSbqJEIhzCEXYq7u5PyXX35A=='|2020-03-01  16:27:25.531633
b'gAAAAABeW-J2dV4neSr3Gdur0c7Tpr7d2HKzwduBqMTI0UIBn50pYk4Ka0o1EDim6dyNf54FVtNZCteaHhZL_zSqpaJOpNEri-jutMgxfPb_k_bbUWfCsxs='|2020-03-01  16:27:34.296661
b'gAAAAABeW-J5pfi39lom9DWuk6qzBPrcvX2g9523CK9TxVjz0MfoqPfkgizaHd1Ks6d_3Ru5q9luEludI_24NOI0lhYRJfiKDg=='|2020-03-01  16:27:37.579625
b'gAAAAABeW-Lpt78odOCvISWIqa4HgfnRN-jKkQOIpDEiMHn7s9Tt_i_5l_8WERfS1QSGdbniETHEpaZ-aLTnr3C3s9JgpIhOgVHdqvL6WFfPDqZYHR2G38s='|2020-03-01  16:29:29.272449
b'gAAAAABeW-LrYeNGgmecLPh2j2OAmes3j8rj9wXp8_xwuYS6snn2gcHICBOX9ZpbTZaaJXDw577GiYsR18msYVoqcIUdhFx2cg=='|2020-03-01  16:29:31.944124
b'gAAAAABeW-MMKpCq7OBorH5rFLWnaWaEnBE6BX-ARnpwcKdB63cBcFMV2BigkImROlslhi7V4iEIZ1RlkAR1sOBKXVGMNUgftg=='|2020-03-01  16:30:04.159151
b'gAAAAABeW-MO5HEh8pyfSnycNqLZDAryzKl_02SWkiDiz6ai25Y4U0QnAKaunKkcagy7MoiiLHXZvUq8FJqRszpd2ECIU7sLog=='|2020-03-01  16:30:06.346604
b'gAAAAABeW-Mar6bFM353VUAi1dgDv0Od57tQvzY6OyVIx8FP6NZeYe3sdfh9OfnOEIh5TyKOaAX8S-17PDphFeCGza9SeDmgew=='|2020-03-01  16:30:18.564403
b'gAAAAABeW-MdyH63dXHpexPmRjQkxFk_nj6hi_v-ak-L5-HsD_VI1CR_yH9IE7SL3KrSEPRm8lFByCUXJymrG8f9OKtVUkv0ZQ=='|2020-03-01  16:30:21.408053
b'gAAAAABeW-Mfiu_DMS6e9L-ptTN3y5HzRxZfafQ8lbYPU4L_ofBUzkY5Yjf-738xMQ7qDROj8sbuw0cdyF4YaQhZu-pULE_-mg=='|2020-03-01  16:30:23.970410
b'gAAAAABeW-MwPD8Fa1PReuPSSey51vphie2A2bz3CvuTKE3gbyfBf8_SSqIXhTxePgEGRKrSna8x_tyQ4LDWcWJtWc2Fw1D9DA=='|2020-03-01  16:30:40.407338
b'gAAAAABeW-M1CRYjxm9pGi7WktKpEVTeCuC0_8o1gG2zCT-uF9ftReTlzpr1UhZ6omhoHxNB3WCRCN0tBYMFlGWmE60uklSEOA=='|2020-03-01  16:30:45.282000
b'gAAAAABeW-M_BoAYes4TIohXTdh1CwwHr5zfFXvon17UtUdJdmc_TaNauyMUCr7w7rZ7Qsv3Abmtf817bpAIP00_DPg7PgzLKg=='|2020-03-01  16:30:55.078196
b'gAAAAABeW-NATK904dMoTwKhwNgFSvh8HR6cq2Plytq-QIjEanI_c1CP1YsHrzJ6xNop0-bKsBY_rObidHbFI7V2XcHJGnfZjw=='|2020-03-01  16:30:56.109352
b'gAAAAABeW-NMsm-bW3mz-8_vuaYWFPgQ5J5Sh8TewAd7CJkeynNbcZcTbROB4vDRbLNmJDY1zAgYcLzr630WODRKCBkVzaVOJQ=='|2020-03-01  16:31:08.077330
b'gAAAAABeW-NNsENIBSZPAZ3fkvWVKwlTcksZMROSTQ6jMbXHFKgwGR1kaF7brbOL580Wb-M2sIhtTdnbvrZjpi4_WQNcUoj9Hg=='|2020-03-01  16:31:09.561478
b'gAAAAABeYSatNt4c44NKpXTMGajxXAchJKjkS6Bii5EHMpHlfy-aI79NDr-2oOsa8wu9XBIwAZUw51ET57cOO5kUkBVViyiXGg=='|2020-03-05  16:19:57.144541
b'gAAAAABeYSa2Ggv_UGnBEza96nkHs-lxbycdXnmohsvdVDN2yxQSeBEWOXEHM8spGheFOv3n3Wex1ho-FA1g4l0lPVoQfEwK9B4RV90UI8NYGye5-sGy-Mk='|2020-03-05  16:20:06.503906
b'gAAAAABeYSbeHkgKYty1hsQBoaKTqbgBHkixkVvQdckCfo1pIqHrSOoaCze8pu3DATNSkyh9ddjeiT1bOBQomRiU4jdmnWAKiw=='|2020-03-05  16:20:46.039897
b'gAAAAABeYShIK3N_OEHs7XFnVoE-H6IPb4Dv9EPbY__hktdSMJYksbWY1KOpHMSgNnHSnNoVkQEusWBZRsO32qUqMU6zu4_qxw=='|2020-03-05  16:26:48.833341
b'gAAAAABeYShUbNCEXtUFviLAbzu9WcxHT3b8xLkLxlH2p7UiUa7-aU_3K0B8NKnQxCiWJqx4oF-EHPRjKGbPRoVJ1Hpzfk_gM1gzQkKC4_Vn_Tk7ctrkMXM='|2020-03-05  16:27:00.053452
b'gAAAAABeYShWjyxpkUnDiv1t7NU6sGkYfpW1wf31nN99_IHWxZ1C6lCfNHFTefikNU3UjHjSXT4FXc_jwyr9qdAuVpfSIGubFg=='|2020-03-05  16:27:02.065364
b'gAAAAABeYShgww9b7pzlEpmKMv35Lvo1KOoCnWL7wWcS9UgUur-8GHcxXFSuxa5RXFWuzDTiLKPMRSrFqowCrIVWv0Z9NElbfg=='|2020-03-05  16:27:12.980462
b'gAAAAABeYShj0j4hAvGLTOrxQFV5Wx53NRhRQkpExI9iGDXTcnHgoXPvdXqYFCiLWFw8x3LrgNfyuix6tuhBUHndynobH4lbzw=='|2020-03-05  16:27:15.084564
b'gAAAAABeYShzfXWzy5KrCmIxza0aM-53KCYu3U2tLx0L17Z_K8V2h_yoB4DCdtKQ1fgDDz9Mwa7UY9byNf6smAUeJ48uVLpeWMH2IQtBkrcSDaDSvUvmpQs='|2020-03-05  16:27:31.138710
b'gAAAAABeYSh6uwu9kZL1ZepI-83c32cWSwKlIvW8jzocLzlD893acvzoUBhYf_hkgCHV_1oqwoQCUPz3PE9jOxIh0bPJBx23KQ=='|2020-03-05  16:27:38.423423
b'gAAAAABeYSiBgEhr7oowFwrh8LhnOzWeG4Xuk9pEqS5ipVe_Ai1XcZpms-WhUkHEzeWcnAGMnOxxeki47SigYEzUyMCO4-pTlg=='|2020-03-05  16:27:45.621749
b'gAAAAABeYSicTIlJiIlAir3qvfKJd20sEll1pYD7I1E-WO6tlBaAPuLIZCtBluV-kXgcluBs9V2v2eJkeNd3xt0MMvQXCK-K_g=='|2020-03-05  16:28:12.293508
b'gAAAAABeYSieK3ltbanQiQXzlGUhHtALRguoOs7JAE-djcM3POdpiew0cm5tPnjemm9kuXBN-Z3I9QO9LVkcII7lW6hEn0acHQ=='|2020-03-05  16:28:14.876727
b'gAAAAABeYSik-2HxS0X0WHcbQTBllN-76jTXJPhseIrrotPPpdgitc3RHYODsRsJWGRSxAbVJ9LXA3O15owZEzCmBznwzQv-0w=='|2020-03-05  16:28:20.812541
b'gAAAAABeYSimllYX39DXkXHMlbLczpBWFQ0ch9Cdrr6DJct6xG0uSLVx3nAiGAkVfBKYlvr4FyCHdVukZjSmF-9wolkncapCUQ=='|2020-03-05  16:28:22.379062
